shop_name,id,closest_mrt,distance_to_mrt
CoCo,ChIJbX0eSdWrQjQR-foP0iR41d8,大安森林公園站出口5,229.41145367479163
紅茶巴士 Black Tea Bus - 士林夜市站/飲料店/珍珠奶茶,ChIJb0gXFG-vQjQRdOJc3S7ecjw,士林站出口2,278.50129262953743
山焙 SUNBAY - 新莊幸福＿烘焙萃取製茶所,ChIJL-kyCiCpQjQRybM41zovjBI,幸福站出口1,963.0809849268437
伍佰之家,ChIJS_bR3wSsQjQRaXNm1sFxaTs,大直站出口1,285.7827696841763
珍茶道 Just Boba,ChIJZYcsepKvQjQRor-9HkNGXac,劍潭站出口1,174.6013411403029
TRUEDAN Daan Fuxing Shop,ChIJoU8LZdOrQjQRNIPBVzezw34,大安站出口5,50.7988990714541
T.TEA | 新鮮現萃茶飲,ChIJgxsWuwarQjQRgZEcrB4yNnc,昆陽站出口2,1323.3361045145125
鶴茶樓- 鶴頂紅茶商店 五股凌雲店,ChIJ-dqzlZSvQjQRNDU5pxLLl68,蘆洲站出口3,1779.9040066785544
沐荼寺淡海店-臺灣精品茶飲專門Mutucha,ChIJK80tq-u7QjQR9DGlS8FQSCI,淡水站出口1,3153.736726626356
清心福全蘆洲得勝店-珍珠奶茶手搖飲料專賣店,ChIJDYsYEcmoQjQR7lbWz8G7uRg,三民高中站出口1,265.9150607357234
Milksha Taipei Nanchang,ChIJGc5APZmpQjQRoYNBYF43Re8,中正紀念堂站出口2,189.57345034072443
TEA TOP第一味 板橋民權店,ChIJm8b0gc-pQjQRvCBJMfzx1lQ,板橋站出口2,288.39547915945093
Cow Banana政大店,ChIJub_JlHuqQjQRGibeqXx6cwI,木柵站出口,1163.4064858083962
WooTEA Taipei Raohe,ChIJ4cWDzcerQjQRLFcOAksnS9Q,松山站出口5,74.95726240408503
毒水製茶｜珍珠奶茶｜手搖飲料專賣店,ChIJITYe7xSpQjQRw8qofIvIluE,菜寮站出口2,717.7487491543261
茶詠春-內湖科學園區店,ChIJLwuLduOtQjQRl6xb2Qd3lqw,港墘站出口2,324.53075236054434
頃刻間— 綠豆沙牛奶/茶飲專賣 | 古早味紅茶 | 芋頭 | 抹茶 | 奶蓋| 士林手搖飲料推薦 | 士林夜市美食,ChIJd7Dch7CvQjQRdDGrKdOSfPA,士林站出口2,299.0010293326122
珍珠奶茶手搖飲料,ChIJm4jJRlqlQjQRl-y4y7JHDWQ,大直站出口2,40.19443795407816
Drink store水雲朵臺灣大學店,ChIJCUC2GnerQjQRBAajPXvACuY,公館站出口2,679.2626095519279
茶敬茶 Tea to Tea,ChIJKfG4qsmpQjQRssGYybCK8xk,東門站出口5,75.60613667662565
閑茗樓 木柵店-職人手作，杯杯茗茶,ChIJ3yUt8WqrQjQR1-SRPD2PhCY,萬芳社區站出口,1193.8590030919238
TeaMan XinMing,ChIJaxrY7HirQjQR6pdEGCFCHVE,松山站出口5,960.0414993827817
功夫茶 KUNGFUTEA 中和環球店,ChIJpS0olmGvQjQRcHubIoWHOog,板新站出口,898.2314774604464
木昂手作天然飲品 永和竹林店,ChIJJ9uFekWpQjQRVW7Gn0lw7jE,頂溪站出口1,645.8654465259708
Baiyan Zhao Tea,ChIJgTeFGwKrQjQRpu9XoplGOEM,松山站出口4,399.9669846482161
魚池貳壹-台北士林總店Tea21,ChIJd4W360avQjQRMfNh7xqGlPI,劍潭站出口1,184.90202014142898
Chatime日出茶太-新莊幸福店,ChIJz6-u1RepQjQRP8r5F5O8N9I,幸福站出口1,922.816631664802
Dejeng Oolong Tea #Taipei Donghu Project,ChIJAzFGhEetQjQR_NjVq4z0NI8,東湖站出口3,505.8347269747616
茶與布朗 Tea&Brown 三重店,ChIJGXBN2PGpQjQRUrO3v4vORCQ,三重站出口3,715.0933606022588
Ching Shin Fu Chuan Tea Station,ChIJRd7JlG6sQjQRsS1oWq1klv4,西湖站出口1,38.666976952786726
熱血焦糖新莊中港店,ChIJrYG3pPepQjQRmjA1XqGhzSE,幸福站出口1,828.2140180726215
小晨事果汁茶飲飲料店,ChIJTZ2k1POrQjQR1L8FVOYVves,南京復興站出口5,454.51015319554165
Dejeng Oolong Tea #TWTC Project,ChIJ5c3ZwRCrQjQRnsjDHGUF_bw,台北101/世貿站出口1,250.5766516054696
麥吉machi machi 西門店,ChIJrVAz8v2pQjQRRgypgkcAycc,西門站出口1,58.2737249309097
武林茶文創人文茶飲坊 - 新莊中華旗艦店,ChIJB53brZupQjQR460QdM1KxhM,新莊站出口1,136.44677921315085
Spade Tea Yonghe Original,ChIJhf7oTuapQjQRj1kBWpwSqHo,永安市場站出口,442.31097167881506
三分春色 新莊中和店,ChIJIwn-6B-pQjQRef5vce3wbEw,幸福站出口1,1308.8314785541593
再睡5分鐘 - 板橋陽明店,ChIJUadvNwCpQjQRHIIRzah3ips,新埔站出口1,197.09023187343317
DrinkStore水雲朵蘆洲中正店,ChIJR3YEJWCpQjQR6PfP1dQVRAU,三民高中站出口1,347.8461706244405
CoCo都可 南港同德店,ChIJd8tiaROrQjQRJ11dRsXfihQ,後山埤站出口3,68.9091198011755
MOK米歐克三重店,ChIJx-dIat2pQjQRMqCWnyByHW4,菜寮站出口3,136.09848015795168
CoCo都可 內湖金龍店,ChIJKUPVs1StQjQRQEb8Dva3pG8,內湖站出口1,158.41269617736643
Co Co,ChIJ2T_M37GoQjQRp6JvN4330BU,三民高中站出口1,889.83244405986
Tea Water 茶水格格 西門店,ChIJ0WaM022pQjQRAzDHdQdsp_I,西門站出口1,333.5456363768891
Hechalou Zhongshan Qingguang,ChIJpxi0GbWpQjQR6JWE9C4GV-Y,中山國小站出口1,230.03437435581108
秋之茗茶-土城總店,ChIJoz0lvwYdaDQRHtWM3dyDf-I,頂埔站出口4,294.24320153043715
CoCo Tea Taipei Jinshan,ChIJ5z65l4KpQjQRw1jyXJXtn5g,東門站出口2,42.39509643979369
山焙 SUNBAY - 南京吉林＿烘焙萃取製茶所,ChIJr0NOfw2pQjQR0-lhoWQPV2A,松江南京站出口1,287.31150661958964
Milkshop Taipei Nanjing,ChIJ6VViHpSrQjQRWhJ9tUGZ7wc,南京三民站出口2,218.43687458888968
TEA TOP第一味 汐止忠孝店-汐止水果飲品|必喝飲品|推薦手搖|人氣茶飲|手搖飲推薦|在地推薦飲料店,ChIJDcOZWdtTXTQRMIeJKoftdIQ,南港展覽館站出口4,4831.390723083126
Nap Tea Taipei Da'an,ChIJF3wcb-SrQjQRJj0c3JcDoIY,忠孝復興站出口4,332.51962203694745
茶聚CHAGE永和竹林店｜香片領導品牌＿永和手搖飲料店外帶外送加盟推薦 在地美食飲料茶飲創業加盟,ChIJWQRwTZKpQjQR4ENL40d6Qjs,頂溪站出口2,253.66925262082307
飲刻,ChIJha-lGmapQjQRCb0244ENIgY,府中站出口3,264.96114462753803
Xing Fu Tang Flagship,ChIJu8eht52pQjQR3aHj2SHCj-8,西門站出口6,92.70735119154702
COMEBUY_大直北安店,ChIJLVUYMVitQjQR_YHQ_IE1jrE,大直站出口2,105.3364331276943
Milksha,ChIJex1D2rarQjQRKRRenbYXz9I,台北101/世貿站出口4,112.89303729941753
五桐號WooTEA（臺北南港店）,ChIJQcaAxsKrQjQROw4fd2b6hJs,南港展覽館站出口5,311.0346557492166
TRUEDAN Wenshan Muxin Shop,ChIJNXAcuxOqQjQRqvSd3zAkI7c,大坪林站出口5,1808.8198178472844
Ten Ren's Tea,ChIJ4cNAogypQjQRYZVKQJx-1zQ,雙連站出口2,333.23575415323506
50 Lan,ChIJFWm3P6WuQjQRUitMwB_Povw,士林站出口2,354.4538588951471
Milksha Taipei Yitong Shop,ChIJm3_BW2CpQjQR0aEb6_dFftM,松江南京站出口6,116.18877657043272
清涼小棧-創意飲品店,ChIJE6WvHOCpQjQRJARYF8t-A8M,景平站出口,450.0779525532791
龍角 Dragon Horn 板橋新埔店,ChIJ-bfkGgCpQjQRogbDAgWu4Zc,新埔站出口1,87.98194570967514
五桐號WooTea 台北古亭店,ChIJuTF1EUSpQjQRFQb8cundnBE,古亭站出口5,11.461861947515647
SPRINO TEA Yonghe 三分春色 永和樂華店,ChIJufk_ZP-pQjQRQJp7ydcLDTM,頂溪站出口1,447.4061767428155
Wanpo Tea Shop Taipei Bade,ChIJb31cN4WrQjQRtvQufpdsqVs,台北小巨蛋站出口4,550.6061270662367
茶山小_TEASSENTIAL（和平總店）大安必喝飲料|飲料推薦|外送飲料|水果飲品|人氣茶飲|奶蓋首選|熱門飲料|蛋蜜汁,ChIJjZdHFgyrQjQRTZ2kEIXEOmY,六張犁站出口,133.0404195270328
50 Lan Yonghe Lehua,ChIJxeWOJ-ipQjQRVWYP0Tape9c,頂溪站出口1,529.2949657378167
Kebuke Taipei Da'an,ChIJSZRWAturQjQRaua1TOtO4M4,忠孝復興站出口4,274.45811343126354
天仁茗茶 永康店,ChIJExhoS4KpQjQRhkIntwUZwOg,東門站出口5,174.42157967451956
茶聚CHAGE新莊八德店｜香片領導品牌＿手搖飲料店外帶外送加盟推薦、在地美食飲料茶飲創業加盟,ChIJ9UJJeSOnQjQRc1WwlpJDUvs,丹鳳站出口2,962.703508356625
樂法 Le Phare - 西門店,ChIJ6RcZcgmpQjQRUjmIHSGWRCE,西門站出口6,30.93076698398579
G.CUP,ChIJlQ9MeACtQjQRCMt0zQ0NVlk,東湖站出口3,393.41188752698133
一隻恐龍COFFEE,ChIJq96kYEAdaDQRksfJRs9XFUA,亞東醫院站出口2,1050.3171926238067
倍斯巴克飲品-三重五華店,ChIJz7-cc2upQjQRlkFv3vYZP_s,三和國中站出口2,911.1961246313849
50嵐 淡水英專店,ChIJc9Q6hlqlQjQRW0BT-0xKF9M,淡水站出口1,230.2422179196641
iHERE tea & cafe,ChIJjZr8CaipQjQRcnGTYBoMjMQ,龍山寺站出口3,524.7243813284593
三白茉莉-茶飲專門店,ChIJM9-SeACrQjQReCyJWOfkgEQ,中山國中站出口,361.80022510500066
GUIJI Gongguan,ChIJGSZSEbmpQjQRaeA4PyFdxRo,公館站出口1,148.28619385061205
丘森茶室台北華碩立功店,ChIJF5zshnmvQjQRDbZF4Fz3ij4,關渡站出口1,309.18794927094063
清心福全公館店-珍珠奶茶手搖飲料專賣店,ChIJD7OSliapQjQRWRmT3y_ypLc,公館站出口4,139.52181903390365
巴伯Q奶 Bubble tea 黑糖珍珠牛奶專賣店,ChIJQVWymYupQjQR9l0jcfyF15I,公館站出口4,119.8202224202451
就飲 JOYING-中正必喝飲品|推薦手搖|特色茶飲|手搖飲推薦|在地推薦飲料店|平價飲料|高cp飲料,ChIJbxLbjWapQjQRPn0fU1SBEFs,中正紀念堂站出口6,238.55799060631242
Kebuke Xinzhuang Huacheng,ChIJCVRmbpSpQjQRdY0EzYdNgIs,幸福站出口2,573.1330551842623
北投紅茶土城延吉店,ChIJo9f1CwADaDQRzBSTE-srEu0,海山站出口3,1799.2792018250084
功夫茶 KUNGFUTEA 汐止新興店,ChIJPfOoo8RTXTQRZEXMkjPC-MA,南港展覽館站出口4,3993.5732379070178
吳伍 Wu-Wu,ChIJuUiuL9urQjQRX4Pp5WSfoXU,台北101/世貿站出口2,134.7994021187978
Nap Tea Taipei Jinzhou,ChIJR67X44SrQjQRjiRqgCV9LLQ,中山國中站出口,118.62073318612342
天仁茗茶 誠品生活新店裕隆城,ChIJn7e6920BaDQRfdk4E9mC5fo,七張站出口2,412.06052683172976
Ten Ren's Tea,ChIJgR5ZhLyuQjQRwDnxrw54INI,士林站出口1,289.2268498156016
Kebuke,ChIJDV9qR1KpQjQRtyzg04GTHP8,江子翠站出口5,399.87857646222784
功夫茶 KUNGFUTEA 新店中正店,ChIJeTjeMywBaDQR16Cd11C-vMg,新店區公所站出口2,365.5909019638552
Dejeng Oolong Tea #Taipei Guting Project,ChIJ4_npl76pQjQReIFya8kXfn4,古亭站出口5,14.504368434636552
Co Co,ChIJI0WkFRGoQjQRNci_hiSp_s0,新埔站出口1,637.1655909173177
功夫茶 KUNGFUTEA 中和中和店,ChIJxVqSimupQjQRkKfUvEmkaws,中和站出口,568.3490264729746
綠蓋茶‧館,ChIJH8yutaSuQjQR8FakzmEclFk,士林站出口2,88.94652788679232
Ching Shin Fu Chuan Tea Station,ChIJ8VGlOYgBaDQRCYU_OuOF7xs,新店站出口,259.7143500207379
旺月捌手作飲品-古亭店,ChIJjZeOVlCpQjQRhu2W6pL9P24,古亭站出口3,42.58668985899024
50 Lan Jiantan shop,ChIJ4Q90_rKuQjQRtnmXT3YRrKU,劍潭站出口2,329.9390463721724
Ten Ren's Tea,ChIJPe1tPFqlQjQRbuoxi2n0TDo,淡水站出口1,723.04048348768
山焙 SUNBAY - 和平臥龍＿烘焙萃取製茶所,ChIJ12S-IJirQjQR9ZA3vfq039M,科技大樓站出口,319.43385605330764
中和珍珠奶茶,ChIJxY3VftepQjQRI-Q-8Cml7nI,中和站出口,603.5655828657207
Tea Tank,ChIJrcwNhoWpQjQReWlu-uSuGZE,台電大樓站出口3,370.49832729501804
清心福全新莊四維店-珍珠奶茶手搖飲料專賣店,ChIJYySSPaynQjQRvGd931KZ9Cw,迴龍站出口3,875.7823251807994
錨起來喝(台北雙連店),ChIJEZ45t_GpQjQRvAX0FREsNyA,雙連站出口1,269.88825267793385
功夫茶 KUNGFUTEA 台北小巨蛋店,ChIJtc4kD4mrQjQRu041tTKv3uA,台北小巨蛋站出口4,161.8013802589757
三分春色 台北小巨蛋店,ChIJTzthtySrQjQRmO50JUMRxlY,台北小巨蛋站出口2,74.18263218596266
Kebuke Xinyi Yongchun,ChIJW7zTuXyrQjQRenC7gzz2JA8,永春站出口4,340.086611618291
CHAGE Zhishan Fuhua Shop,ChIJq4L_9WqvQjQRxc1WeN45mYI,芝山站出口2,95.8296113570669
清心福全 淡水沙崙店-珍珠奶茶及各式茶飲專賣店,ChIJL0OFBUqlQjQR-4N8yT3APRY,淡水站出口1,2748.8536793392454
茶壜精緻茶飲(新北新莊輔大店),ChIJU-s0meinQjQRGqtuGP2x468,輔大站出口1,203.3352400591867
Dejeng Oolong Tea #Taipei Shilin Project,ChIJi7RZiEivQjQRKlYtmd60aq4,士林站出口1,38.71678969194041
Milksha Taipei Beitou,ChIJpVbwk1CuQjQRQ7NUDeXFV_E,北投站出口2,333.771790785939
再睡5分鐘 - 台北吳興店,ChIJtbCFYFGrQjQRAAGubuykFNI,台北101/世貿站出口2,250.7080567718114
美丘。拎茶 [板橋館前],ChIJEaGtCeoDaDQRfedYk1AivGk,府中站出口1,226.2370040268394
Nap Tea Taipei Yitong,ChIJf6yFXcCpQjQRqT8Mvrshxoc,松江南京站出口6,137.85550443176513
大叔花茶舖（樂華店）,ChIJSSk1AimpQjQRQjKGPieFk3c,頂溪站出口1,490.84611587773657
CoCo都可 士林中正店,ChIJ0RgOiLuuQjQRuYIY_FqmYl8,士林站出口1,407.41709927986005
可唐精品茶旅 台大店,ChIJ7ag_BxepQjQRj5brwsLDrLI,公館站出口3,499.2287020708744
Liang Shui,ChIJSWtBkeqpQjQRNx1TyXLOnYo,頂溪站出口2,85.45696994813206
小制作茶 （小巨蛋店）,ChIJ_dABbEurQjQRSwd-zxmox3c,台北小巨蛋站出口4,246.4351318688952
Oolong Tea Project - Da'an,ChIJZaE7bACrQjQRrBn6KIKJy2U,忠孝復興站出口4,230.06514384173667
珍煮丹 土城海山店,ChIJ49TCJYkDaDQRbhY0R9NGQ9U,海山站出口3,151.7474829368453
CoCo都可 東湖二店,ChIJZfVkIbusQjQRxSJZ_pQuQQw,東湖站出口3,276.7546350926728
50嵐 萬隆店,ChIJTSlTFx2qQjQR3C9-iBKp-gg,萬隆站出口3,8.311245021687904
Cueicha,ChIJoY40N0-pQjQRkbUHjlBTlws,圓山站出口1,201.77278107382705
大茗本位製茶堂 台北通化店,ChIJlWqVQPerQjQR6VQpBSu8TYw,信義安和站出口4,98.96764082948197
萬波島嶼紅茶Wan Po Tea Shop 台北 木柵店,ChIJDcu03ZCrQjQRaAjs_CwJCF0,萬芳社區站出口,1095.0336348598123
50 Lan,ChIJCRuGslquQjQRlaeNG32HzvY,北投站出口1,113.21177663139922
TEA TOP第一味 永和竹林店,ChIJWX3H6xqpQjQRw7FkpGWbjN0,頂溪站出口1,338.14323314589296
波霸奶奶,ChIJmZL590upQjQR2KzHQKk1Tlg,江子翠站出口3,154.37020948230077
Kebuke Banqiao Yangming,ChIJx-dmmhaoQjQRPvXKfPHRNI4,新埔站出口1,289.5263399307339
魚池貳壹-西門店,ChIJla7DsxqpQjQR-caD0QedK9E,西門站出口5,268.61112765479123
兩良紅茶（蘆洲店）,ChIJqbAVWQCpQjQRLdTeQq8kTj4,三民高中站出口1,237.0087549938927
萬波島嶼紅茶 Wanpo Tea Shop 台北大安店,ChIJH7dC1nyrQjQRbZNhRaUtdnA,大安站出口6,352.8751598284663
不一樣珍珠奶茶店,ChIJ--XfZKcCaDQR3hYcWB8n9qY,府中站出口2,182.50018853368013
CoCo Zhonghe Xingnan,ChIJoZDOfHECaDQRzFGqQiwJf3Q,南勢角站出口4,129.56308595347576
鶴茶樓-鶴頂紅茶商店（新店七張店）,ChIJ6cF8XgABaDQRDjKIESr-7Qs,七張站出口1,127.18780976011779
min cha,ChIJyyA6rUGpQjQRpq5ia6fTp3g,中山站出口2,112.40655605574739
TRUEDAN Neihu Jiangnan Shop,ChIJNw_3q2SsQjQRCZNWX2ndnbQ,港墘站出口1,378.64530039403365
得正#台北昆陽計劃,ChIJ68RKXwCrQjQR9HLN3XAXApY,昆陽站出口4,63.05622755559355
CUPFY,ChIJ7Xo9CgCrQjQRJ3zRBBRpEHA,台北101/世貿站出口2,144.97882894683158
玉琪咖啡茶飲Coffee & Bubble Tea-北投市場.樂活名攤,ChIJDbSXdVquQjQRFyHtOnOFG8Q,北投站出口2,453.41054029279746
成隆號手作飲品,ChIJMxJVQQCvQjQRL6TyyHRNG8Q,石牌站出口1,190.84690077112307
功夫茶 KUNG FU TEA 三重五華店,ChIJD6GleOOpQjQRE8XLudX87SE,三和國中站出口2,864.388436278155
福爾摩茶 FormosaTê,ChIJj6yHKqurQjQRIRk0NmsFmlk,市政府站出口4,318.1836524372656
小茶齋 新莊店（自取買五送一）,ChIJAyRL9e2nQjQR0_VEFPzlehI,丹鳳站出口2,492.8968366053492
John's Tea Company,ChIJKRoVhNurQjQRrefYXsx4-Zg,市政府站出口4,248.1618678736124
秀茶邸家,ChIJg6VhLT6rQjQRMvlGH7f7qqs,市政府站出口4,145.55220354490746
Nap Tea New Taipei Minquan,ChIJU2B0E-4DaDQRlMOj35uOlVs,大坪林站出口1,529.0890174135305
壺口調茶手作特調茶飲-8號茶舖,ChIJVxrOLnOpQjQR9TudxLRXy20,蘆洲站出口1,1253.8200526076932
茶與布朗 Tea&Brown 信義店,ChIJAcVimmKrQjQRT9DE4qEqb5g,永春站出口2,244.28931098343725
TRUEDAN Xinyi City Hall Shop,ChIJ_____7irQjQRTnRjYBJb1ZU,市政府站出口1,17.606636499496325
進發家東門永康店,ChIJO0ztAMOpQjQRlM6WhkCszfc,東門站出口5,138.36743094525002
小茶悠子 Hide and Drink,ChIJa5BhJ66rQjQRFm013pZoC_k,中山國中站出口,492.67545350646907
50嵐 新店中正店,ChIJjdvyxh0CaDQRNUrPxcARwVk,新店區公所站出口2,346.5949836374774
COMEBUYTEA_信義威秀店,ChIJsYx1l8erQjQRRoxmTNfGFoU,象山站出口1,352.69044764975337
Yuqingjing Fresh Tea House Main Store,ChIJHbveRoeuQjQRqeiAUrSAPHk,北投站出口2,293.31864631918546
珍煮丹 台北合江店,ChIJa6f3KV2rQjQR2uSmEI3frxU,中山國中站出口,499.6190703035037
鶴茶樓- 鶴頂紅茶商店(忠孝復興店),ChIJ8WJJgNKrQjQRoC8uGCVNEQE,忠孝復興站出口4,316.1691779568257
Ten Ren's Tea,ChIJNxLfohipQjQRqfzp2Vum_uU,台北橋站出口,197.9095399648505
清心福全北投中和店 珍珠奶茶手搖飲專賣店,ChIJ7V744E6uQjQRvfAvoXXPo0k,新北投站出口2,529.878394841633
Oolong Tea Project,ChIJJ9ID_z-pQjQRT2NARHjjpVs,徐匯中學站出口2,158.66602932419173
Milksha Taipei Ruiguang,ChIJkcpqM4GsQjQRbIOnNqk-hMc,文德站出口2,1076.9118164969725
有料搖搖茶yoyocha-新北三峽店,ChIJhV6W_HcbaDQRtQdp92YdBO0,頂埔站出口2,5494.3361660598475
Ten Ren's Tea,ChIJTTSN_acCaDQR1K7bIRz_jw4,府中站出口3,177.9012712253268
儒記Rooji-雙連店,ChIJiW_p9VKpQjQRurqjNDAX25g,雙連站出口2,149.13641877760307
Poppy Charming Drinks,ChIJr2ITZoWpQjQRWLITI7rRu9E,台電大樓站出口3,56.70891436436166
50 Lan Tucheng Dingpu,ChIJrawH3-wcaDQRt1Q8miSlPqs,頂埔站出口2,490.9068880798245
漾果茶坊-新店北新總店,ChIJF7DEYpABaDQRt-KfFNiiARM,新店區公所站出口1,251.00316493923174
茶聚CHAGE內湖康寧店,ChIJzWUs6_6tQjQR0DMh5aZw020,內湖站出口1,459.1407624501406
Murphy deimi shop 莫非茶米鋪,ChIJuUSEA6SrQjQRagoLl3jcDvc,永春站出口4,112.4813614488533
萬波島嶼紅茶 淡水淡大店,ChIJVbYRCxmvQjQRNFhFCxFv8Xc,淡水站出口1,1046.4903361046274
谷得好好 紅茶專門-台北伊通店,ChIJ6y6ARPUDaDQRCfNZ6eZIOJ8,松江南京站出口6,114.69903452942121
CoCo都可 中正紀念堂店,ChIJoSg8sJWpQjQR9ALNMK1kTsc,中正紀念堂站出口3,424.91671856570855
閉著眼睛點Lucky Tea,ChIJ6furVNavQjQRR1WXZzutiS8,劍潭站出口1,190.81463283195532
Wanpo Tea Shop Taipei Hengyang,ChIJXYgv2QipQjQROtodb0lIC80,台大醫院站出口1,343.5143437050568
迷客夏Milksha 臺北大直店,ChIJa4UISQ6tQjQRzkPtOgIJWhM,大直站出口1,224.48134128827894
進發家 台北公館店,ChIJ7Q3BnACpQjQRgrcBHuxYsug,公館站出口1,106.78424526933765
回憶小時候汐止站前店,ChIJg_dZPrlTXTQRtCesgI154n4,南港展覽館站出口4,4614.981032973309
布鹿‧果漾新鮮式Blue deer(瑞光店),ChIJoRP3qWSsQjQRjcuwpV_11Sk,文德站出口2,984.5806417048022
Kebuke Technology Building,ChIJv4yKCAOrQjQRpMQnAUmOgZQ,科技大樓站出口,190.56015911421002
毛青茶室 Maochi Tea （原松江總店搬遷）,ChIJH5Wd5ImpQjQR9Z1SujIfbHk,南京三民站出口2,291.57280530182703
台味草仔奶茶,ChIJHXJU-HyvQjQRdexhH_aecCI,劍潭站出口1,150.6734676432049
Kebuke Luzhou Minzu,ChIJYd_BrQSpQjQR7w36Xe0N1m0,三民高中站出口2,531.1708948724704
沐慕茶飲,ChIJJTPKqWGrQjQRXdrFlquF_84,大安站出口6,279.55314056223136
IOU醇品茶道,ChIJJUOcT3WoQjQR4xkCVhzVY80,新莊站出口2,466.2594036800162
果霸茶 台北通化店,ChIJGWw6blurQjQRWpKmHtx0dcQ,信義安和站出口4,141.98972201922857
Tao Tao Tea,ChIJIddLTACpQjQRz6ommIYgbu8,中山站出口2,47.82381278433222
50 Lan,ChIJnynK9QipQjQRD1ewpf8_Y-8,西門站出口6,241.1423155687123
龍角 Dragon Horn 中山馬偕店《茶與咖啡的特色飲品》｜中山區飲料店｜中山區美食｜馬偕醫院美食｜自烘咖啡店 ｜飲料外送｜人氣飲品,ChIJqYUCwr2pQjQRNP0xoT66gWo,雙連站出口2,250.3389309552752
TRUEDAN Shilin Dabei Shop,ChIJBQzBNKWuQjQRzneJh-EIchE,士林站出口2,317.466113075703
50 Lan,ChIJnynK9QipQjQRUy6tUFop-p0,西門站出口1,60.091356828205846
Huangjin Bubble Tea,ChIJb22yusWrQjQRFj_ymKyFTk0,忠孝敦化站出口2,33.82951741052985
Kebuke,ChIJzfpsbHOpQjQRecwb2WROPBQ,台大醫院站出口4,143.5801538028229
Milksha Taipei Xihu,ChIJXwQ9QvetQjQRUQk_8PqJsTQ,西湖站出口1,263.2810848631748
泰讚了 thai like tea 公館店,ChIJpxbhBsupQjQR8v3U18_-sYg,公館站出口4,142.6525681413285
天仁茗茶 京站小碧潭店,ChIJfajCLhkCaDQRLXqxelEUIVw,小碧潭站出口1,102.36209321968886
Nap Tea New Taipei Lehua,ChIJ-xRHzJmpQjQRIlLnN43SSkU,頂溪站出口1,510.02291592791846
thirtea三十茶板橋江子翠店,ChIJwRYFTqepQjQRqDWN_cwsPmU,江子翠站出口4,145.76949112635288
清心福全新莊雙鳳店-珍珠奶茶手搖飲料專賣店,ChIJ-bx4eY6nQjQR_HeFc6yQGtk,丹鳳站出口1,601.358157862938
Co Co,ChIJA8Pf2mKoQjQROCrWahv3ajI,迴龍站出口3,976.5397733756918
功夫茶 KUNGFUTEA 龜山樂善店,ChIJ76vw9gynQjQRhVSiDJt67qI,迴龍站出口1,3251.57446157735
DrinkStore水雲朵台北復興店,ChIJW7U7BECrQjQR8mA0tpOl2_U,南京復興站出口7,108.10043860376645
功夫茶 KUNGFUTEA 新莊榮富店(榮富國小對面),ChIJxySX6LGpQjQRS-Udt6GBXJg,幸福站出口1,1216.162842114253
DaDaoChen Bubble Tea,ChIJD0t07hWpQjQRWQ-mV4ooUA8,北門站出口3,479.3383262146275
Kebuke Zhonghe Jingxin,ChIJB0vYd5UDaDQRI1D7nk4jfVw,南勢角站出口4,322.9514887485234
MACU Tea Songjiang Nanjing,ChIJx3ZYWlKpQjQR0Rz1xFiRPtU,松江南京站出口5,138.5472059743087
吳大牛焦糖茶飲 新店三民店,ChIJL8xtfP0DaDQRsxHit_Pph24,小碧潭站出口1,603.1549205706497
Milksha National Taiwan Normal University,ChIJ39xxFqOpQjQRrQuexo65duU,台電大樓站出口3,362.45694370913617
三良品茶.pingtea原創手作,ChIJnbQMTbmrQjQRet_CETVF2ic,松山站出口2,504.03780465903293
Comebuy,ChIJG9rOG3OpQjQRZ07IzwdpY4Y,台北車站M6,102.01937519769477
Nap Tea Taipei Ningxia,ChIJE6QyVRWpQjQR_G_VjzLW1bE,雙連站出口1,570.5902601339945
天仁茗茶 CHAFFEE 誠品南西店,ChIJWxJ4Jg2pQjQRflyqsAfz3LE,中山站出口1,38.92878677948148
Hua Da Milk Tea (Mega City Banqiao Store),ChIJDQ2mkhioQjQRrQQD1KECxPs,板橋站出口4,224.2314316464332
誠正茶苑 頂溪店 新北永和必喝手搖飲,ChIJBz_rYnupQjQRI6HEFPkak-E,頂溪站出口1,106.45581349314126
儒記Rooji-內湖店,ChIJVTN0Qv-tQjQR-qiyE_4NoFw,港墘站出口2,305.98007927414375
鶴茶樓- 鶴頂紅茶商店(中正寧波西店),ChIJKaJqkO2pQjQRRu4QOdTwmlc,中正紀念堂站出口2,174.4448472528331
鬍子茶Who's Tea - 台北林森店,ChIJ7VpjuLOpQjQRBVkKqiC7dJ8,善導寺站出口4,524.8690278589153
Ten Ren's Tea,ChIJ1Sg0iIOuQjQRxI1SbcRsN7A,明德站出口1,1278.536781608544
錨起來喝(台北晴光店),ChIJh6mw20SpQjQRwYbNXy6-G9A,中山國小站出口1,231.00847447331049
"喝茶坊-龍安店 黑糖珍珠奶茶手搖飲料,手搖杯專賣店(來店自取買五送一)玩具，盲盒，一番賞",ChIJn421uC6nQjQRJmi-2huQuCI,迴龍站出口3,806.8149631617028
山茗-三重文化北總店,ChIJF1ugt0epQjQR_Gwxb-NRcUI,台北橋站出口,408.70639677750336
50嵐 小南門店,ChIJ737xGaSpQjQR6NS-v-3Rj8o,小南門站出口2,328.9540166484653
COMEBUY 科技大樓店,ChIJo6jEOKSrQjQRyhYHcW6J8yc,科技大樓站出口,397.6500775518288
毛青茶室 Maochi Tea 新光三越A11館,ChIJD9NDv0mrQjQRy3Z0WU_mSbg,象山站出口1,402.24156731053586
CoCo都可 內湖成功店,ChIJ_1ayFY2sQjQRVYGEUy78Vg8,內湖站出口1,284.73089218131315
鮮茶道台北站前店,ChIJuTYiKgCpQjQROnNqFbsTif4,台北車站M6,92.36652812505787
Share Tea Nanyang (Original Tea Store),ChIJiyWCMHOpQjQR7ye_96cjAhI,台北車站M6,128.44295226116574
50Lan Tucheng ASE WeMall Shop,ChIJR-am9PodaDQRfFY3GTCqaQk,土城站出口3,515.424048760847
三分春色 台北大直店,ChIJsUIMMBWtQjQR-svXxeAOaoE,大直站出口1,220.94653544012724
翠米悠 Treviio,ChIJV9BoPWoDaDQRAP3utZRjsTQ,府中站出口1,421.8474557616376
Cha for tea,ChIJH7GIrGapQjQRDgNRBklUrI8,忠孝新生站出口1,307.0873500241644
清心福全士林陽明店珍珠奶茶手搖飲料專賣店,ChIJ4RAC2K-uQjQRLiwwAqfED-c,劍潭站出口1,178.25840893894755
樺達奶茶 板橋車站店,ChIJx7L0I9upQjQR2e3jZ5zgjkQ,板橋站出口3,104.18489757772075
UNOCHA Gongguan Shop,ChIJe9O8rxypQjQRIV0aNmcpn2s,公館站出口1,79.9882340811673
北投紅茶 永安市場,ChIJDwFPoOupQjQR-mEMPQEZClI,永安市場站出口,43.473683165331806
鶴茶樓- 鶴頂紅茶商店(新莊化成店),ChIJMwrLQ7ypQjQRbEI29XeGebQ,幸福站出口2,536.0220472029024
龜記茗品-中山晴光店,ChIJM5VtYJSpQjQRtOo977ZpVqI,中山國小站出口1,255.48239738325412
50嵐 士林捷運店,ChIJbTkXT6OuQjQRg7qi7eiogBQ,士林站出口1,20.549048378491623
麻古茶坊土城中央店,ChIJT7l0gkcdaDQREE49b1jBsIw,土城站出口1,450.0352770921233
Hechalou Tea Banqiao Xinpu,ChIJMfrXGJepQjQRSTKfeb4lVDs,新埔站出口1,54.02849902081822
cha For Tea TO GO,ChIJPe1tPFqlQjQR88s6R4Sea3E,淡水站出口1,725.5210191312283
木衛二 伊通鑄茶所,ChIJPxrHW2CpQjQR6yQ2q8fOMIU,松江南京站出口6,67.36806958291615
DrinkStore水雲朵內科洲子店-內湖特色茶飲|平價飲品|必喝手搖|外帶飲料店|外帶飲料推薦,ChIJo0ZxDZ6tQjQRrJTNdPO-Fyc,西湖站出口2,384.2530379766278
功夫茶 KUNGFUTEA 淡水北新店,ChIJ7wCpzlavQjQRcXLmAgnryOE,淡水站出口1,1308.3877992476826
TRUEDAN Zhongzheng Nanmen Shop,ChIJozNWtJ6pQjQRR0zsQUa-H48,中正紀念堂站出口3,54.888240625245096
茶與布朗 Tea&Brown 蘆洲長榮店,ChIJNS58g-OpQjQR5jdnWSOdF08,蘆洲站出口1,891.5169947974337
tc shop,ChIJMdlHJS-qQjQR5BfbVK3ZMKQ,科技大樓站出口,484.704121996521
Dejeng Oolong Tea #Taipei Gongguan Project,ChIJG6WUeLipQjQRgmJS_HxFV_I,公館站出口4,135.05151152181972
萬波島嶼紅茶土城裕民店,ChIJ53lWCcUDaDQR6Anfdv6v0o8,海山站出口3,296.95673074977475
歡喜紅茶冰-黑糖粉圓專賣店,ChIJPZN6JrypQjQR4JA1NncBMTI,三重國小站出口,474.26718845934187
Ching Shin Fu Chuan Tea Station,ChIJZ8Ugvp2vQjQRXc0GAq5ergY,竹圍站出口1,126.7253705383293
50 Lan,ChIJtzbYKcSrQjQRtysCgWduS4k,國父紀念館站出口1,264.90920996846455
龜記茗品-信義A11店（2樓空橋）,ChIJ47qGIParQjQRl-kG-1On4XQ,象山站出口1,445.2941628489161
Kebuke Ripe Black Tea Taipei Kaifeng Branch,ChIJRwchJe2pQjQRnFFh9_lj7Us,台北車站M5,245.7800971346941
清心福全三重集美店-珍珠奶茶手搖飲料專賣店,ChIJz42ifz2pQjQRZc3bYWnM3uk,三重站出口3,553.1314381684933
50嵐 頭前店,ChIJS7DiNHqoQjQRTREPQ90u-gw,幸福站出口1,611.2608696860644
ODD ONE OUT Dunnan Shop,ChIJOdHWx6yrQjQRnb88OVTWvxo,忠孝敦化站出口2,95.21604805769397
TRUEDAN Taipei Shipai Shop,ChIJUSmp8dqvQjQR918ePe3eMiU,石牌站出口1,189.61704800177804
Ten Ren's Tea,ChIJfcFQWIeuQjQRop51vljKPqU,明德站出口2,1558.588957246192
Hugdayday烈奶茶,ChIJh8ed_xKrQjQRNs-LCWTPkZw,忠孝復興站出口5,84.49963538145721
Macu Fruit Tea,ChIJk8LdVC6rQjQRC-NrXyDzp2U,國父紀念館站出口2,218.14533549739477
March moons,ChIJQ9Ho5VWrQjQRFCe-C-kRMxw,象山站出口1,425.50808972830094
Ching Shin Fu Chuan Tea Station,ChIJw_Qg73CoQjQRvGN3MIHEi7g,新莊站出口1,943.2905549700502
Me2 /MetooTEA,ChIJLVSnKnatQjQRx2OURF_COkA,昆陽站出口2,1406.2495381232745
梅子兔生活飲品專賣店(西門總店),ChIJNazWIAmpQjQRi9uumLT7DE8,西門站出口6,278.79356621161935
瀨戶茶舖,ChIJd5fPsWKpQjQRXjYuehrKniM,忠孝新生站出口4,353.2731500491575
Tenren Tea Zhongxiao Second Store,ChIJ3Q2etNqrQjQRfm-V54ItAfQ,忠孝敦化站出口8,88.03334651542413
功夫茶 KUNGFUTEA 中和遠東世紀店,ChIJT0Xn9S8DaDQRUt8M8gPx74A,橋和站出口,902.763331360062
Teaman SongShan,ChIJ0d9uO5-rQjQRAZT_L5gjaDY,後山埤站出口1,385.44264423285944
Ching Shin Fu Chuan Tea Station Taipei Da'an,ChIJwVbZN9KrQjQRovUUifC3QuI,大安站出口6,242.60093676215652
一品現泡茶-旗艦店,ChIJzRCGjsoCaDQRZ-ERXrAQjFQ,海山站出口3,332.2024419566456
施房茶舍信義遠百A13,ChIJ5TYlr7urQjQRPPUrKBcknlM,象山站出口1,450.4323737295701
檸夏鮮果茶飲《北投紅茶》,ChIJB9aYEY2vQjQRLpzrQQC7Jqg,北投站出口1,152.78599310308678
思茶MissingTea 台北錦州店,ChIJOe0-Xu6rQjQRQ5su29rFt9k,中山國中站出口,441.7208821570876
功夫茶 KUNGFUTEA 土城中央店,ChIJJ91dMloDaDQR2V_NuXs-wFg,海山站出口1,307.08285653374384
大茗本位製茶堂 土城裕民店,ChIJL_fYcwADaDQRcjD0r56pmOk,海山站出口3,113.96994157040986
TP Tea,ChIJXYY0FTA2aDQRG_E7o2XyJ_0,新埔民生站出口,495.77469519839735
莫方。茶｜點,ChIJ1XCL2T6pQjQRCpcLzsVCHQc,忠孝新生站出口1,95.85609181557228
大茗本位製茶堂-台北士林店,ChIJ2bQ3AUCvQjQR-9K8KEnfI2c,士林站出口1,24.027097722581914
Co Co,ChIJA8Pf2mKoQjQRgUzveaLj_Bs,丹鳳站出口2,515.7285432023658
武林茶文創人文茶飲坊/永和竹林店,ChIJc735hOupQjQRXYAwTx9P8q4,頂溪站出口1,436.7363587363861
方最茗品 台北濟南店,ChIJlQBYKiqpQjQRjF-dsapjxhw,忠孝新生站出口5,102.46927556208385
Truedan,ChIJw9UhC2GtQjQRperu-bJj7n4,西湖站出口2,390.9761534228395
清心福全淡水中山店-珍珠奶茶手搖專賣店,ChIJl0gNKW2lQjQRRw7tcukmYhc,淡水站出口1,747.7656946999771
Ten Ren's Tea Xinyi Branch,ChIJ91DXvterQjQRtBAQTuBHmnc,東門站出口4,17.219761871774097
Co Co,ChIJ98e2Hk-uQjQRONMUaasrAPc,新北投站出口2,440.01796692105165
Nap Tea Taipei Jiangnan,ChIJHRe2Wc6tQjQROFvVh47w6qY,港墘站出口1,373.6984471231312
小水牛生活飲品天祥店,ChIJlZbzII6nQjQRBCGzQjeHkbg,丹鳳站出口1,699.0542049881699
紅茶巴士 Black Tea Bus - 土城中央站/飲料店/珍珠奶茶,ChIJoY1zvw4daDQRz5WfearHeo0,永寧站出口4,366.501881175474
武林茶文創人文茶飲坊/東區地下街店,ChIJHdiV8purQjQR_v8G-HDM5JQ,忠孝復興站出口4,45.305223425197816
武林茶文創人文茶飲坊/板橋四維旗艦店|板橋熱門飲料|特色茶飲|必喝飲料|板橋人氣茶飲|推薦手搖|在地推薦飲料|新埔捷運站手搖飲|捷運新埔民生站手搖飲,ChIJd3_t9sqpQjQRrcI4HYvcw5w,新埔民生站出口,211.7730991281183
功夫茶 KUNGFUTEA 板橋國慶店,ChIJEaq__ZUDaDQRzdtDBinYWRY,亞東醫院站出口3,1073.5037185021745
MACU Tea Xinyi,ChIJxVmqY9OrQjQRhm-oy9laCGg,大安站出口3,64.72889175453689
抿茶 min cha 中山興安店,ChIJV7Dzl6yrQjQRvtl1DSkzMYI,南京復興站出口1,412.7064432532688
Lin San Tea Institute Linkou Chang Gung Shop,ChIJse_KoIinQjQRYO5cgOaPF0E,迴龍站出口1,5907.554065588303
有料搖搖茶yoyocha,ChIJOZcwZMqpQjQR0vM1K1I_9Qc,台北車站M5,348.6400174207573
鮮茶道-桃園春日一店,ChIJ8aDi_okfaDQRMb1iaSF5nSE,迴龍站出口2,10016.47158836069
瓷禧茶坊 Teazzi 松菸店,ChIJb1NSMbmrQjQRJXb-dj8EVRs,市政府站出口2,177.86759707503228
天仁茗茶 土城店,ChIJX2y5ewADaDQR-23_u5MQoqY,海山站出口3,345.85935556259597
參壹參 TEA OR TEA,ChIJWTbyO1-rQjQRb7-Fnae579Q,中山國中站出口,485.1886937378908
MilkShop Taipei Nanyang,ChIJbQIibXOpQjQRPQ-Q5bQROl0,台大醫院站出口4,154.32648699896194
Ching Shin Fu Chuan Tea Station,ChIJgx-fY9-oQjQRYW88Mlyysec,徐匯中學站出口2,197.1885400794866
Cozy Tea Loft Taipei Dome,ChIJ_fmaEbt3bjQRBsXjqN_Kw5g,國父紀念館站出口4,170.9490918637215
Nap Tea Taipei Nanyang,ChIJ6Wd0C0epQjQR10E6GTEWbrE,台大醫院站出口4,167.7593532978769
Milk Shop Xindian,ChIJBeGCGvEBaDQR93GY8XTojhE,七張站出口1,161.60364249978622
樺達奶茶 Hwa Da Milk tea ATT 4 Fun,ChIJsyc-W2erQjQRdbRfpetI3mk,台北101/世貿站出口4,307.7336461515194
功夫茶 KUNGFUTEA 蘆洲民族店,ChIJYYAHyq-pQjQRhnAKBv5WYrk,三民高中站出口2,571.9376701715495
萬花筒飲料攤,ChIJt7xjOBOoQjQRx9QXjkIo0kA,新埔民生站出口,615.3695435844168
Zhenzhu Nai Tea,ChIJGTWhfwCrQjQRABujjGAfmME,後山埤站出口2,534.2873446740113
Guiji—Nanjing Samin Branch,ChIJW0IEGm2rQjQRd7KGXncq-NQ,南京三民站出口1,260.6049658763937
解渴林 JACK LIN TEA,ChIJocThNUGnQjQRgP2eZo1eza0,丹鳳站出口1,1001.6013879216672
老賴茶棧-士林店,ChIJOYI9dyevQjQR-IDm6ECU-LY,士林站出口1,28.59278284363825
毛青茶室 Maochi Tea 天母德東店,ChIJp74Dc0GvQjQRUGJRyrumIcE,芝山站出口2,557.9154704893791
Dragon Horn Tea,ChIJEx3_NHqqQjQRM5peXYWoYL4,木柵站出口,1117.2529058783891
鶴茶樓- 鶴頂紅茶商店(南港興華店),ChIJCzAMKPurQjQRpQ7VlUXrWIo,南港站出口1,505.97818552024296
Dejeng Oolong Tea #Tianmu Dexing Project,ChIJg0eTfG-vQjQRZ127miEaGng,芝山站出口2,478.09323069441825
方最茗品 和平店,ChIJwVbMZmSrQjQRG1Ao8Puhicc,科技大樓站出口,480.0175043412209
鶴茶樓- 鶴頂紅茶商店(三重重新店),ChIJt8TarAupQjQRKfvd9BxI2s8,台北橋站出口,34.8677015631079
50嵐 市政府站店,ChIJYx-B0pirQjQR0_-MJwbE5uY,市政府站出口4,46.146801325879075
烏武WUWU飲料店,ChIJqypTiWgdaDQREONjDFj3rJE,輔大站出口1,453.86431716136207
功夫茶 KUNGFUTEA 淡水新市店,ChIJGdYpms-7QjQRRjgRnrNiCpA,淡水站出口1,2592.758419072474
CoCo都可 板橋凱旋店,ChIJ6QmqN--pQjQRtaJX9BIv6xE,板新站出口,384.2629051898442
Oolong Tea Project,ChIJIR2thoKpQjQRdwu7Rsj-rzI,西門站出口6,283.42724482633554
小歇茶亭,ChIJ1ZnrUJ-pQjQR99JYcu673Ug,西門站出口6,414.33735439698955
Dejeng Oolong Tea #Xindian District Office Project,ChIJX1D-dAABaDQRD26I-xwoaQU,新店區公所站出口1,119.54449703853103
50 Lan,ChIJG9udf5irQjQR_d6ye9px0P0,松山站出口5,89.46450014229875
鶴茶樓- 鶴頂紅茶商店(中和永安店),ChIJ_6-1RiypQjQRcHLa0aHLpkE,永安市場站出口,200.32999083511345
武林茶東湖麥琪喵喵店,ChIJG6xZARetQjQR6eZp88u44QY,東湖站出口3,442.12818634415913
50嵐 龍山寺店,ChIJefn970mpQjQR2wvWFQFpRFU,龍山寺站出口1,49.90523535412656
50嵐 台北林森店,ChIJhyp0aT6pQjQRysXHcnELpro,中山站出口3,482.6788943499208
50 Lan Xindian Minquan,ChIJc1LC5vgBaDQReCLuowq7G28,大坪林站出口1,520.0273177838701
小佐お茶作-新莊中榮店,ChIJw6zWKm6pQjQRHyvg_szy5Bc,幸福站出口1,1229.7292998476005
Milksha Taipei Tianmu Shop,ChIJQT7q75quQjQRriSzRj68yz4,芝山站出口2,658.873721396152
三五級黑糖珍珠店,ChIJ0d2JBUerQjQRqLvtqm7OXMo,市政府站出口3,295.72458819723244
杯蓋帶著走 Bad Guy 淡水店,ChIJJQ2Cf-qlQjQRvbS8azpLYrs,淡水站出口1,228.4525385272636
迷客夏Milksha 臺北公館店,ChIJjctFSkGpQjQRyK0ZFNDKODA,公館站出口4,140.7845952593828
發發 莊敬牧場,ChIJO4L0ns6rQjQRbuOnK4dvVcE,台北101/世貿站出口3,490.13137059433774
功夫茶 KUNGFUTEA 樹林保安店,ChIJsRdJmJMdaDQRjaz9vbKmI_M,海山站出口1,2697.3056159121597
武林茶雙連捷運店,ChIJn20SbUqpQjQRxesBfWOgCYk,雙連站出口1,32.55447836323031
Kebuke Banqiao Juguang,ChIJGQrY56CpQjQR0r4ekOC3kvc,新埔站出口4,218.8055932794236
儒記中山 ROOJI-Zhongshan,ChIJD8kRqhurQjQRgIalSye_fpM,中山站出口2,108.3660743207206
燕窩北投紅茶 - 大龍店,ChIJ7wWDuQ6pQjQR_Z4ri96Vrc8,圓山站出口1,431.6278920362998
COMEBUY_台北內湖店,ChIJ83BT22OsQjQRt9HjpQLxhVo,港墘站出口1,300.75280731742185
GUIJI Daan Xinyi Shop,ChIJq4C2ywGrQjQRC8nkfcBVlG8,大安站出口3,62.50433691387423
九品川,ChIJq6qqqoupQjQRYbGXSz3WNEc,台電大樓站出口2,469.8036029766246
可唐精品茶旅 北科店,ChIJr6b-d-6pQjQR74I5G4hEtkc,忠孝新生站出口4,172.923252351778
TEAFECT.1 Qizhan,ChIJTTXbIicBaDQRsY2xgIeLoec,七張站出口2,108.96743524270315
功夫茶 KUNGFUTEA 台北永吉店,ChIJPep8hNSrQjQRhkhlinMAngM,後山埤站出口1,415.92515313960934
Wanpo Tea Shop Yonghe Dingxi,ChIJnzkj7C-pQjQRbohhnk9JFDU,頂溪站出口1,288.7283435127713
BLIKE Milk Tea Specialty Taipei Yanji Shop,ChIJgc059oyrQjQRFYE_-DJRV2s,國父紀念館站出口2,216.80397338876233
滿食茶間 - 伊通店,ChIJs9mUjKKpQjQRbYoIwq5Cbjc,松江南京站出口6,269.0841094992635
50 Lan Beixin Branch,ChIJjdvyxh0CaDQRmmprH5TM9dA,大坪林站出口2,198.71416792274474
萃茶風 兒童新樂園店,ChIJvz0AwVmvQjQRa3dZ9XjMP28,芝山站出口1,876.4672051834841
可不可熟成紅茶-新莊迴龍店,ChIJ1bzmTO8daDQRHN20qy51968,迴龍站出口2,878.6940817658798
天仁茗茶 大直美麗華店,ChIJ4zxwXOerQjQRDq39RuKdSgo,劍南路站出口3,157.9734514468116
Hua Da Milk Tea (Eslite Taipei Station Store),ChIJpfkzZnKpQjQRdP6UHw72w44,台北車站M5,14.812028997435576
春雨制茶「三重店」,ChIJF5BTwfmpQjQRc9xAACGTQjs,三重國小站出口,498.7597402970827
日日裝茶 - 板橋亞東店,ChIJcT0YKQADaDQRCoH1GfGORSs,亞東醫院站出口2,130.69853608819167
Kebuke Taipei Liaoning,ChIJNa9p3eSrQjQRiWh_FtNOTTs,南京復興站出口2,280.36141123991166
COFFEE.TEA.OR -中山形象店,ChIJs4q8IL6pQjQR4_shGg8nUiw,中山站出口4,68.70435225203394
飲蒔｜健康餐｜珍珠鮮奶茶專賣店｜濃茶專門店,ChIJf-YgaHyrQjQR1AeCuyeWGZs,永春站出口4,339.99865986296066
Milksha Taipei Ximending,ChIJ6z_JT7GpQjQRbNwC4QSvhds,西門站出口1,39.34505641502903
清心福全新莊輔大店-珍珠奶茶手搖飲料專賣店,ChIJKbr-6uinQjQRdKyPnypJ1nM,輔大站出口2,270.14051471185593
有飲 Youin 創意飲品-新北土城店,ChIJDRA_UbcDaDQR7wt_iKTnTsk,海山站出口3,187.38596603165672
COMEBUY Taipei Zhishan Shop,ChIJez202JauQjQR717AVNLHtF4,芝山站出口2,62.38241712237832
Milk Shop Taipei Shipai,ChIJKf5HQ4yuQjQRvjF94345ClY,石牌站出口2,252.55071585403442
功夫茶 KUNGFUTEA 西門町店,ChIJD0kRDtKpQjQRTFO69bitb0o,西門站出口5,122.14282336345745
功夫茶 KUNGFUTEA 新莊民安西店,ChIJWd76xgodaDQRL2dMAgppjKs,迴龍站出口3,1637.195032806977
CoCo都可 板橋莊敬店,ChIJJ5rUVD6oQjQRt2EYAIA7SaM,新埔站出口4,256.48216217538544
好了啦超大杯-萬華華西店,ChIJU7X-cF2pQjQRDUugg9OaCog,龍山寺站出口1,438.4712816235915
清水茶香(饒河店),ChIJkxLlWr-rQjQRQozRZirObJ0,松山站出口2,358.68103907412745
Hechalou Xindian Anmin Shop,ChIJV06hUs4DaDQRPgh-S6A0nME,小碧潭站出口1,1382.5753645454124
功夫茶 KUNGFUTEA 泰山明志店,ChIJm95YB12nQjQRKqg1wj3jGbQ,輔大站出口1,2358.629246109104
進發家-中和復興店 飲料店,ChIJ5Q_7N24DaDQRd6pWmPLAO4E,景安站出口,411.83898888583667
50嵐 得和店,ChIJM4txc66pQjQRyQDoZmj_WCU,秀朗橋站出口1,949.6414407796195
Guiji Zhonghe Jing'an,ChIJ3U2O91cDaDQRso9daPmCs4g,景安站出口,46.25119824418166
50 Lan,ChIJFwrcSdKrQjQRinvEjPHl52g,科技大樓站出口,131.64662395400129
TEA TOP 萬隆店,ChIJ5yzV3sGrQjQRiaCZ5zy4Sb8,萬隆站出口1,116.25433595140974
TEA館,ChIJN8LVlJ2vQjQRmf80Ls8Sir4,竹圍站出口1,154.58207251497032
天仁茗茶CHAFFEE 信義遠百店,ChIJwRnbV9erQjQRrT_yRSJKKlA,市政府站出口3,453.282677713403
Guiji Shipai Store,ChIJu_deOwCvQjQRPcRyZGd-6qo,石牌站出口1,384.6515359910352
茶聚CHAGE板橋大仁店｜香片領導品牌＿手搖飲料店外帶外送加盟推薦、在地美食飲料茶飲創業加盟,ChIJs_DMO16pQjQRB84p5v-2tGw,板橋站出口1,740.0260312891795
小佐お茶作-新北永和店,ChIJgxBDVvupQjQRiP9ruXiU6uI,永安市場站出口,404.9846097422495
冰爵,ChIJdTIACSSpQjQRcyCJBuFQKKg,三重國小站出口,248.35846017141307
武林茶文創人文茶飲坊/景美景文店,ChIJSacPWlKrQjQRW4Qte1xTrqo,景美站出口1,193.80101099119722
可不可熟成紅茶 石牌裕民店,ChIJMTI3O9mvQjQRpvAwIp0f3k0,石牌站出口1,248.28645153861223
50嵐 淡水中山店,ChIJ9Vm1gFalQjQRV9TSiTx0nIs,淡水站出口1,1010.691088020022
茶與布朗 Tea&Brown 輔醫店,ChIJKc1sbgCnQjQRP5Lit2pvpWM,輔大站出口1,919.0248875364712
李茶 Real Cha,ChIJO8suEEepQjQRViM865FoCqg,府中站出口3,121.32501038502026
Spade Tea Gongguan,ChIJN6jRyYqpQjQRhOJRE7PsNQ0,公館站出口1,258.65373884023245
谷得好好 紅茶專門-北車信陽店,ChIJfxmAObKpQjQRl0ihRsT3IZw,台大醫院站出口4,185.14259700345355
Milksha Taipei Hulin Shop,ChIJWSuY4qOrQjQReUNAt-K3t88,永春站出口4,77.18013303648628
極品茶-淡大店,ChIJo6HrmvivQjQRM8IBVfwOcRU,淡水站出口1,673.1945071774679
大茗本位製茶堂-台北公館店,ChIJjbLDiXOpQjQRags-iK7zOCk,公館站出口1,113.0536432464519
Dejeng Oolong Tea #Taipei Hulin Project,ChIJ8UM_GpKrQjQR0iHiWdWSplQ,永春站出口4,79.96587722868196
麻古茶坊-南港軟體園區店,ChIJl6gwwp6rQjQRpsW5GQ6fqIw,南港展覽館站出口5,420.5207129919428
馬祖新村 台北遠百信義A13店,ChIJg0m1baqrQjQRePzMKbtx2ow,市政府站出口3,437.5361947233548
CoCo都可 西門町店,ChIJa9nJVwmpQjQRJ6kAC7qgDZk,西門站出口5,156.99636836507312
Milksha New Taipei Banqiao Siwei,ChIJkUOh8RSoQjQRt17HpK8q6uc,新埔民生站出口,227.71760605291504
Tai Shi Nai Tea,ChIJo8Ye88qpQjQRZWlwPUuql3A,新莊站出口1,953.6193963840459
鶴茶樓- 鶴頂紅茶商店(板橋府中店),ChIJ9x0emrWpQjQRMP2qR0bsobw,府中站出口3,200.16337319110488
珍煮丹 台北遼寧店-中山飲料|遼寧黑糖珍珠鮮奶|手搖飲|珍珠奶茶|人氣飲料|推薦飲料,ChIJqxXVm96rQjQR_n9B5E4h25w,南京復興站出口2,424.0771293031419
Dejeng Oolong Tea #Yonghe Lehua Project,ChIJ6YLNa3ypQjQRKJ_NnKxmxQ8,永安市場站出口,590.7289883845668
五桐號WooTea 台北吳興店,ChIJHZG4UXerQjQRR-CEpntfkaE,台北101/世貿站出口3,565.6228917564611
哪次布喝,ChIJh-6gI5GpQjQRysNukEjsL2k,三和國中站出口2,646.4840801095406
GUIJI Banqiao Shop,ChIJ8dlm5rEDaDQRvBFpMgtcwPY,府中站出口1,455.16204605719184
迷客夏Milksha 新北淡大店,ChIJ660CF_-vQjQR7MnwlKrle2c,淡水站出口1,1077.6259574821797
先喝道台北古亭店,ChIJD0Ibt_epQjQR7Xr3PESN3ig,古亭站出口5,30.809886539632128
波漾水果珍珠專賣店（板橋仁愛店）,ChIJJ91SKgADaDQR9KwgF1hncg0,亞東醫院站出口3,606.68923602178
Dejeng Oolong Tea #Neihu Kangning Project,ChIJ0_iGIgCtQjQRvHy9PwTq0oA,內湖站出口1,460.6676657569167
原火茶初 - 台大公館店-公館必喝飲料|大安飲料推薦|外送飲料|人氣茶飲|飲料店推薦|推薦手搖|熱門飲料|珍珠奶茶推薦,ChIJQ9n3OWipQjQRoAJhp3a79v8,公館站出口3,223.5610319856614
紅烏茶水舖,ChIJV77eSwCrQjQRkf-CMd13LXY,善導寺站出口4,83.41941184185823
50嵐 南港園區店,ChIJITOw9lirQjQRA3DuA_rXGXI,南港展覽館站出口5,326.0630489311902
Kung Fu Tea Taipei Shuangcheng,ChIJGVNTm5ypQjQR3UUQV6qOH1c,中山國小站出口1,219.31922001646885
CoCo Tea Yonghe Zhongzheng,ChIJoZDOfHECaDQRlzN-YrMSAo8,景平站出口,561.8025693865958
清心福全 永和宜安店-珍珠奶茶手搖飲料專賣店,ChIJpYOHAOCpQjQRU0iI3Ak-NDw,景平站出口,474.9911592115678
一漾 Yearning Tea,ChIJoR2PJzKqQjQRKnv1mr1922E,中山國中站出口,524.8242290007059
珍煮丹 板橋民治店,ChIJOyyXnhWpQjQRDLhTES7YhWw,江子翠站出口5,451.06321074067426
50嵐 興隆店,ChIJ2Tg_Nd4BaDQRswt8404Ldow,萬芳醫院站出口,371.4359798645565
Kebuke Banqiao Zhongxiao,ChIJ120X5BgDaDQRUNRmEIONz2w,府中站出口1,845.7888326161112
KURE8 Kombucha | 8酵茶,ChIJvSvNzaqrQjQRi11xfttBauE,大安站出口5,11.897964907013723
開啾ドリンク專門店,ChIJy6_uD8CvQjQRVzI9R5ajUUI,淡水站出口1,1038.5249203530336
清心福全淡水水源店-珍珠奶茶手搖飲料專賣店,ChIJN6sUqQevQjQRRETY5BUzH8k,淡水站出口1,852.13987454895
清心福全新莊化成店-珍珠奶茶手搖飲料專賣店,ChIJY_jmFfmpQjQRy_Yyba-0ePg,幸福站出口1,656.90763668315
Milksha Uni-president Taipei Shop,ChIJMS-Z_9urQjQRrhhAfdTwVNI,市政府站出口2,69.26598296586127
鶴茶樓- 鶴頂紅茶商店(北投石牌店),ChIJiY_qVGivQjQRGNapoC6EkJo,石牌站出口1,242.51644377833628
鶴茶樓- 鶴頂紅茶商店(台北內湖店),ChIJO-bGsKmtQjQRXIKOKklrmTw,西湖站出口2,329.407655247761
50嵐 福壽店,ChIJ39-3veepQjQRDpCYgMJRk4w,幸福站出口2,216.8927560155982
CoCo Xindian Baoqiao,ChIJ87NtP_EBaDQRdIGVTFM45bE,七張站出口1,127.37639910706753
青花瓷茶飲,ChIJcdAA5zirQjQRNEMtHrhUGVY,南京三民站出口1,246.6472404731407
嗜時候台北巨蛋店,ChIJoXm7AACrQjQRjhXOMu_3tXA,南京復興站出口6,192.5482652917992
鶴茶樓- 鶴頂紅茶商店(南西誠品店),ChIJTftL8qOpQjQRtlFHQrhvsuc,中山站出口1,44.271924493364665
Dejeng Oolong Tea #Taipei Songjiang Project,ChIJ21tzE1KpQjQRQAHPYXJylkQ,行天宮站出口3,67.57460465133802
老派金魚Goldfish Bubbletea,ChIJy9A51AipQjQROua-v6eCHPE,西門站出口6,379.7202007863674
TRUEDAN Taipei Jinan Shop,ChIJn-5AMb2pQjQRK0nWF0dcpOo,忠孝新生站出口5,107.89055091154775
Ten Ren's Tea,ChIJ_YddC_kBaDQRcSrEZz8dxsU,大坪林站出口2,40.600890293367634
龍角 Dragon Horn 台電大樓店,ChIJ1zuh6JOpQjQRFTbsUFytju0,台電大樓站出口2,118.73295385621984
A Nice Holiday Tianmu Dexing E. Shop,ChIJDxry6EivQjQREdvXUvUFwcE,芝山站出口2,493.21931503214415
功夫茶 KUNG FU TEA 板橋國光店,ChIJy7E5EJypQjQRR8M3C7xtpQI,板橋站出口5,435.9001613631307
小甜甜珍珠奶茶（休息日請看最新動態）,ChIJ1VjsOwGqQjQRhowR-MTM8qE,景美站出口2,46.6797389077096
Jin Fa Jia Zhonghe Xingnan,ChIJd97ufjwDaDQRTWGUKqssKo8,南勢角站出口4,237.460152493588
一茶工房,ChIJsaI3EpapQjQReTx7qCQTJQU,東門站出口5,241.23959131034567
格子杯杯 鮮果茶 珍珠奶茶 飲料店,ChIJCTtVWssDaDQRyzOKvLkXYBQ,海山站出口3,56.56796338282345
藍室 Blueroom,ChIJKwXNa1GtQjQRJXk6suc7WPQ,港墘站出口1,386.84114314181784
Oolong Tea Project,ChIJ1XtMfIypQjQRW2r5x0xkaBA,台北橋站出口,310.74099604388095
Kebuke Taipei Dazhi,ChIJLxwsT6atQjQR2fJNHXBBeI0,大直站出口1,229.57652522225578
逐健上飲 Tea Shop x High Protein Drinks,ChIJ12WjgFCpQjQRWOshjsw9el0,台電大樓站出口3,494.6899933034259
